{
  "hash": "569b67ff",
  "configHash": "d9826b46",
  "lockfileHash": "6130d9d0",
  "browserHash": "3f81d269",
  "optimized": {
    "@angular/core": {
      "src": "../../../../../node_modules/@angular/core/fesm2022/core.mjs",
      "file": "@angular_core.js",
      "fileHash": "693c43e3",
      "needsInterop": false
    },
    "@angular/platform-browser": {
      "src": "../../../../../node_modules/@angular/platform-browser/fesm2022/platform-browser.mjs",
      "file": "@angular_platform-browser.js",
      "fileHash": "fb78d0ce",
      "needsInterop": false
    },
    "@angular/router": {
      "src": "../../../../../node_modules/@angular/router/fesm2022/router.mjs",
      "file": "@angular_router.js",
      "fileHash": "9c865d83",
      "needsInterop": false
    }
  },
  "chunks": {
    "chunk-POOJNX7P": {
      "file": "chunk-POOJNX7P.js"
    },
    "chunk-H4B2EABD": {
      "file": "chunk-H4B2EABD.js"
    }
  }
}